"member_casual","day_of_week","rides","mean_ride_min","median_ride_min"
"casual","Monday",5591,79.1793775710964,19.9
"casual","Tuesday",7311,76.0136506633839,19.6666666666667
"casual","Wednesday",7690,74.6728738621587,23.775
"casual","Thursday",7147,140.835928827946,20.2333333333333
"casual","Friday",8013,101.48233703565,19.9833333333333
"casual","Saturday",13473,82.4415930626685,24.2333333333333
"casual","Sunday",18652,84.3196877904067,26.7666666666667
"member","Monday",110430,13.7035567025869,8.38333333333333
"member","Tuesday",127974,12.8240271461391,8.48333333333333
"member","Wednesday",121902,11.8663965042958,8.45
"member","Thursday",125228,11.7868212380618,8.36666666666667
"member","Friday",115168,13.2778545255627,8.2
"member","Saturday",59413,16.2284901172022,8.75
"member","Sunday",60197,16.2026814736061,9.13333333333333
