"member_casual","hour","rides","share_of_weekday_rides"
"casual",0,242,0.00676885209219065
"casual",1,177,0.00495077198478407
"casual",2,114,0.00318863280375923
"casual",3,77,0.00215372566569702
"casual",4,56,0.00156634593868874
"casual",5,154,0.00430745133139405
"casual",6,416,0.0116357126874021
"casual",7,845,0.0236350413962855
"casual",8,1478,0.0413403445961065
"casual",9,1161,0.0324737077646006
"casual",10,1349,0.0377321548444842
"casual",11,2027,0.0566961288878944
"casual",12,2471,0.0691150145446409
"casual",13,2981,0.0833799507719848
"casual",14,3063,0.0856735287536362
"casual",15,3528,0.0986797941373909
"casual",16,4023,0.112525173416872
"casual",17,4344,0.121503692101141
"casual",18,2741,0.0766670396061759
"casual",19,1624,0.0454240322219736
"casual",20,1000,0.0279704631908704
"casual",21,857,0.023970686954576
"casual",22,620,0.0173416871783397
"casual",23,404,0.0113000671291117
"member",0,1647,0.00274179210323921
"member",1,846,0.00140835222789336
"member",2,589,0.000980519458899754
"member",3,507,0.000844012505368719
"member",4,1738,0.00289328152727975
"member",5,8554,0.0142400058598107
"member",6,26696,0.0444413369690795
"member",7,56144,0.0934639804761762
"member",8,74104,0.123362332737364
"member",9,29564,0.0492157509047747
"member",10,15785,0.0262775885547243
"member",11,19223,0.0320008922893548
"member",12,22647,0.0377008899587483
"member",13,21818,0.0363208379529284
"member",14,21177,0.0352537531088626
"member",15,32138,0.0535007374704929
"member",16,66506,0.110713798189452
"member",17,87571,0.145781102776418
"member",18,49127,0.0817826476355997
"member",19,27781,0.0462475570249475
"member",20,16036,0.0266954330100449
"member",21,10901,0.0181471012249002
"member",22,6275,0.0104461113830152
"member",23,3328,0.00554018465062543
